web	0.061066151904373006
search	0.03604573464993689
internet	0.027953077437077735
page	0.023090058653203654
wikipedia	0.02205063479100156
google	0.019860420224218578
information	0.018004306184571984
content	0.016445170391268842
use	0.015405746529066748
software	0.014811790036379835
article	0.014329200386071722
articles	0.013957977578142404
mobile	0.013846610735763607
new	0.013809488454970674
links	0.013289776523869628
yahoo!	0.012695820031182718
all	0.012213230380874601
free	0.012138985819288737
such	0.012064741257702875
see	0.011693518449773555
data	0.011582151607394758
pages	0.01143366248422303
semantic	0.010876828272329053
more	0.010691216868364394
history	0.010616972306778528
users	0.010542727745192666
used	0.010505605464399733
server	0.010357116341228005
microsoft	0.010282871779642143
view	0.009726037567748164
terms	0.009688915286955231
create	0.009169203355854185
changes	0.009169203355854185
media	0.008983591951889525
some	0.008909347390303662
user	0.008835102828717797
one	0.008426757739995546
many	0.00831539089761675
version	0.00831539089761675
msn	0.008204024055237954
service	0.008166901774445023
windows	0.008092657212859159
wikipedia,	0.008018412651273295
services	0.007981290370480364
bing	0.00794416808968743
references	0.00794416808968743
navigation	0.007869923528101567
help	0.007832801247308636
using	0.007832801247308636
php	0.007795678966515704
2010.	0.007795678966515704
encyclopedia	0.007795678966515704
engine	0.007721434404929839
browser	0.007684312124136907
portal	0.007684312124136907
available	0.007647189843343976
contact	0.007647189843343976
list	0.007647189843343976
?	0.007610067562551044
additional	0.007572945281758113
related	0.007461578439379316
online	0.007424456158586384
world	0.007387333877793453
social	0.007350211597000521
will	0.007275967035414656
these	0.007238844754621725
first	0.007238844754621725
february	0.007164600193035861
main	0.007127477912242928
access	0.007090355631449997
under	0.007053233350657065
external	0.007053233350657065
what	0.006978988789071202
link	0.006978988789071202
news	0.006904744227485337
2.0	0.006904744227485337
most	0.006830499665899474
file	0.006830499665899474
site	0.006793377385106542
when	0.006793377385106542
but	0.00675625510431361
contents	0.006682010542727746
open	0.006496399138763086
categories:	0.006422154577177223
july	0.006347910015591359
june	0.006125176330833767
website	0.006125176330833767
safari	0.006088054050040835
than	0.006088054050040835
text	0.006013809488454971
only	0.006013809488454971
book	0.006013809488454971
into	0.006013809488454971
privacy	0.005976687207662039
rdf	0.005976687207662039
would	0.005902442646076175
system	0.005902442646076175
current	0.005865320365283243
personal	0.005865320365283243
technology	0.005753953522904448
